model_type,embedding_dim,window_size,negative_samples,vocab_size,training_time_sec,avg_similarity
CBOW,50,3,5,9970,0.7,0.812
CBOW,50,3,10,9970,0.86,0.7498
CBOW,50,5,5,9970,0.64,0.8334
CBOW,50,5,10,9970,0.94,0.77
CBOW,50,7,5,9970,0.74,0.8482
CBOW,50,7,10,9970,0.9,0.77
CBOW,100,3,5,9970,0.81,0.8203
CBOW,100,3,10,9970,1.06,0.7551
CBOW,100,5,5,9970,0.76,0.8513
CBOW,100,5,10,9970,1.19,0.7651
CBOW,100,7,5,9970,1.04,0.8499
CBOW,100,7,10,9970,1.18,0.7785
CBOW,200,3,5,9970,0.98,0.8329
CBOW,200,3,10,9970,1.34,0.7609
CBOW,200,5,5,9970,1.0,0.855
CBOW,200,5,10,9970,1.74,0.7698
CBOW,200,7,5,9970,1.3,0.8466
CBOW,200,7,10,9970,1.63,0.7839
SkipGram,50,3,5,9970,1.32,0.7347
SkipGram,50,3,10,9970,2.43,0.7205
SkipGram,50,5,5,9970,2.01,0.7403
SkipGram,50,5,10,9970,3.28,0.7262
SkipGram,50,7,5,9970,2.3,0.7306
SkipGram,50,7,10,9970,4.1,0.74
SkipGram,100,3,5,9970,1.69,0.6683
SkipGram,100,3,10,9970,2.83,0.6514
SkipGram,100,5,5,9970,2.28,0.6475
SkipGram,100,5,10,9970,4.75,0.6316
SkipGram,100,7,5,9970,3.37,0.647
SkipGram,100,7,10,9970,5.25,0.6371
SkipGram,200,3,5,9970,2.16,0.6627
SkipGram,200,3,10,9970,3.7,0.6388
SkipGram,200,5,5,9970,3.03,0.6359
SkipGram,200,5,10,9970,5.69,0.6076
SkipGram,200,7,5,9970,4.18,0.6197
SkipGram,200,7,10,9970,7.06,0.5963
